name,job,Change name,Change job
kirn,QA,kirn,TC
ravi,SDET,ravi,IE
navi,TC,navi,QA
pravee,IE,pravee,QA
hari,QA,hari,SDET
